tod,Run,Interval,reqrate,rate,MB/sec,bytes/io,read%,resp,read_resp,write_resp,resp_max,resp_std,xfersize,threads,rdpct,rhpct,whpct,seekpct,lunsize,version,compratio,dedupratio,queue_depth,cpu_used,cpu_user,cpu_kernel,cpu_wait,cpu_idle
12:53:47.274,rd1,1,25000.0000,37.0000,0.1445,4096,72.9730,44.0770,59.9303,1.2730,388.7140,91.8051,4096,2.0000,75.0000,0.0000,0.0000,100.0000,16.0000,n/a,1.5000,2.0000,1.8284,n/a,n/a,n/a,n/a,n/a
12:53:48.117,rd1,2,25000.0000,75.0000,0.2930,4096,76.0000,27.7244,36.1498,1.0440,233.7140,44.8626,4096,2.0000,75.0000,0.0000,0.0000,100.0000,16.0000,n/a,1.5000,2.0000,1.9482,n/a,n/a,n/a,n/a,n/a
12:53:49.101,rd1,3,25000.0000,89.0000,0.3477,4096,75.2809,22.4664,28.6962,3.4939,173.5330,33.0657,4096,2.0000,75.0000,0.0000,0.0000,100.0000,16.0000,n/a,1.5000,2.0000,2.0008,n/a,n/a,n/a,n/a,n/a
12:53:50.057,rd1,4,25000.0000,80.0000,0.3125,4096,80.0000,25.1868,31.3284,0.6206,139.5690,35.8704,4096,2.0000,75.0000,0.0000,0.0000,100.0000,16.0000,n/a,1.5000,2.0000,1.9932,n/a,n/a,n/a,n/a,n/a
12:53:51.117,rd1,5,25000.0000,107.0000,0.4180,4096,65.4206,18.7094,28.1947,0.7641,163.8910,32.3046,4096,2.0000,75.0000,0.0000,0.0000,100.0000,16.0000,n/a,1.5000,2.0000,1.9915,n/a,n/a,n/a,n/a,n/a
12:53:52.053,rd1,6,25000.0000,99.0000,0.3867,4096,74.7475,20.1046,25.9041,2.9382,145.1740,31.6674,4096,2.0000,75.0000,0.0000,0.0000,100.0000,16.0000,n/a,1.5000,2.0000,2.0004,n/a,n/a,n/a,n/a,n/a
12:53:53.064,rd1,7,25000.0000,127.0000,0.4961,4096,67.7165,15.4586,22.3979,0.9030,98.1680,25.7543,4096,2.0000,75.0000,0.0000,0.0000,100.0000,16.0000,n/a,1.5000,2.0000,1.9938,n/a,n/a,n/a,n/a,n/a
12:53:54.040,rd1,8,25000.0000,97.0000,0.3789,4096,74.2268,20.7375,27.6243,0.9036,153.7850,33.3574,4096,2.0000,75.0000,0.0000,0.0000,100.0000,16.0000,n/a,1.5000,2.0000,1.9977,n/a,n/a,n/a,n/a,n/a
12:53:55.042,rd1,9,25000.0000,85.0000,0.3320,4096,76.4706,23.7734,30.7151,1.2128,136.5490,33.6719,4096,2.0000,75.0000,0.0000,0.0000,100.0000,16.0000,n/a,1.5000,2.0000,1.9958,n/a,n/a,n/a,n/a,n/a
12:53:56.042,rd1,10,25000.0000,89.0000,0.3477,4096,79.7753,22.1549,27.5920,0.7088,138.1550,33.3487,4096,2.0000,75.0000,0.0000,0.0000,100.0000,16.0000,n/a,1.5000,2.0000,1.9977,n/a,n/a,n/a,n/a,n/a
12:53:57.041,rd1,11,25000.0000,91.0000,0.3555,4096,76.9231,21.8277,28.1908,0.6172,200.9970,39.5659,4096,2.0000,75.0000,0.0000,0.0000,100.0000,16.0000,n/a,1.5000,2.0000,1.9962,n/a,n/a,n/a,n/a,n/a
12:53:58.059,rd1,12,25000.0000,82.0000,0.3203,4096,81.7073,24.5022,29.6852,1.3515,125.4800,32.7794,4096,2.0000,75.0000,0.0000,0.0000,100.0000,16.0000,n/a,1.5000,2.0000,1.9999,n/a,n/a,n/a,n/a,n/a
12:53:59.039,rd1,13,25000.0000,75.0000,0.2930,4096,82.6667,27.0697,32.5605,0.8832,131.9540,37.1222,4096,2.0000,75.0000,0.0000,0.0000,100.0000,16.0000,n/a,1.5000,2.0000,1.9972,n/a,n/a,n/a,n/a,n/a
12:54:00.058,rd1,14,25000.0000,112.0000,0.4375,4096,71.4286,17.5089,24.2217,0.7271,144.0410,30.3042,4096,2.0000,75.0000,0.0000,0.0000,100.0000,16.0000,n/a,1.5000,2.0000,1.9955,n/a,n/a,n/a,n/a,n/a
12:54:01.040,rd1,15,25000.0000,115.0000,0.4492,4096,78.2609,17.4137,22.0308,0.7920,129.0630,28.1294,4096,2.0000,75.0000,0.0000,0.0000,100.0000,16.0000,n/a,1.5000,2.0000,1.9973,n/a,n/a,n/a,n/a,n/a
12:54:02.041,rd1,16,25000.0000,102.0000,0.3984,4096,77.4510,19.3575,24.7779,0.7394,90.1350,28.3831,4096,2.0000,75.0000,0.0000,0.0000,100.0000,16.0000,n/a,1.5000,2.0000,1.9956,n/a,n/a,n/a,n/a,n/a
12:54:03.034,rd1,17,25000.0000,97.0000,0.3789,4096,75.2577,20.6348,27.1826,0.7185,217.3140,35.0488,4096,2.0000,75.0000,0.0000,0.0000,100.0000,16.0000,n/a,1.5000,2.0000,1.9975,n/a,n/a,n/a,n/a,n/a
12:54:04.031,rd1,18,25000.0000,90.0000,0.3516,4096,80.0000,22.3845,27.7873,0.7730,124.2620,31.3876,4096,2.0000,75.0000,0.0000,0.0000,100.0000,16.0000,n/a,1.5000,2.0000,1.9980,n/a,n/a,n/a,n/a,n/a
12:54:05.033,rd1,19,25000.0000,94.0000,0.3672,4096,77.6596,21.1492,26.9599,0.9504,129.2260,33.0992,4096,2.0000,75.0000,0.0000,0.0000,100.0000,16.0000,n/a,1.5000,2.0000,1.9982,n/a,n/a,n/a,n/a,n/a
12:54:06.030,rd1,20,25000.0000,135.0000,0.5273,4096,71.1111,14.8684,20.5860,0.7941,131.2230,27.3269,4096,2.0000,75.0000,0.0000,0.0000,100.0000,16.0000,n/a,1.5000,2.0000,1.9958,n/a,n/a,n/a,n/a,n/a
12:54:07.034,rd1,21,25000.0000,108.0000,0.4219,4096,76.8519,17.4902,22.5532,0.6809,119.8170,29.7947,4096,2.0000,75.0000,0.0000,0.0000,100.0000,16.0000,n/a,1.5000,2.0000,1.9959,n/a,n/a,n/a,n/a,n/a
12:54:08.031,rd1,22,25000.0000,99.0000,0.3867,4096,70.7071,21.7038,30.4396,0.6174,181.1950,36.4362,4096,2.0000,75.0000,0.0000,0.0000,100.0000,16.0000,n/a,1.5000,2.0000,1.9998,n/a,n/a,n/a,n/a,n/a
12:54:09.056,rd1,23,25000.0000,101.0000,0.3945,4096,73.2673,19.1088,25.7573,0.8871,125.2590,32.2170,4096,2.0000,75.0000,0.0000,0.0000,100.0000,16.0000,n/a,1.5000,2.0000,1.9938,n/a,n/a,n/a,n/a,n/a
12:54:10.030,rd1,24,25000.0000,163.0000,0.6367,4096,73.0061,12.7152,17.1447,0.7355,140.4290,28.3455,4096,2.0000,75.0000,0.0000,0.0000,100.0000,16.0000,n/a,1.5000,2.0000,1.9961,n/a,n/a,n/a,n/a,n/a
12:54:11.029,rd1,25,25000.0000,93.0000,0.3633,4096,81.7204,20.5094,24.8443,1.1299,253.5310,38.9019,4096,2.0000,75.0000,0.0000,0.0000,100.0000,16.0000,n/a,1.5000,2.0000,1.9978,n/a,n/a,n/a,n/a,n/a
12:54:12.032,rd1,26,25000.0000,100.0000,0.3906,4096,81.0000,20.0190,24.5491,0.7067,116.6100,28.5629,4096,2.0000,75.0000,0.0000,0.0000,100.0000,16.0000,n/a,1.5000,2.0000,1.9973,n/a,n/a,n/a,n/a,n/a
12:54:13.052,rd1,27,25000.0000,129.0000,0.5039,4096,72.0930,15.2323,20.8659,0.6791,128.6390,26.4413,4096,2.0000,75.0000,0.0000,0.0000,100.0000,16.0000,n/a,1.5000,2.0000,1.9962,n/a,n/a,n/a,n/a,n/a
12:54:14.029,rd1,28,25000.0000,82.0000,0.3203,4096,78.0488,25.5407,32.5464,0.6315,146.2960,34.6642,4096,2.0000,75.0000,0.0000,0.0000,100.0000,16.0000,n/a,1.5000,2.0000,1.9985,n/a,n/a,n/a,n/a,n/a
12:54:15.028,rd1,29,25000.0000,75.0000,0.2930,4096,81.3333,26.0109,31.8382,0.6205,114.7080,34.3613,4096,2.0000,75.0000,0.0000,0.0000,100.0000,16.0000,n/a,1.5000,2.0000,1.9967,n/a,n/a,n/a,n/a,n/a
12:54:16.029,rd1,30,25000.0000,148.0000,0.5781,4096,75.0000,13.7384,18.1337,0.5526,149.3950,27.0100,4096,2.0000,75.0000,0.0000,0.0000,100.0000,16.0000,n/a,1.5000,2.0000,1.9970,n/a,n/a,n/a,n/a,n/a
12:54:17.042,rd1,31,25000.0000,116.0000,0.4531,4096,68.1034,17.1788,24.9328,0.6231,167.0100,35.0956,4096,2.0000,75.0000,0.0000,0.0000,100.0000,16.0000,n/a,1.5000,2.0000,1.9990,n/a,n/a,n/a,n/a,n/a
12:54:18.028,rd1,32,25000.0000,116.0000,0.4531,4096,77.5862,17.2151,22.0235,0.5709,117.5400,28.1340,4096,2.0000,75.0000,0.0000,0.0000,100.0000,16.0000,n/a,1.5000,2.0000,1.9976,n/a,n/a,n/a,n/a,n/a
12:54:19.029,rd1,33,25000.0000,93.0000,0.3633,4096,65.5914,21.6308,32.6277,0.6681,154.3790,34.8448,4096,2.0000,75.0000,0.0000,0.0000,100.0000,16.0000,n/a,1.5000,2.0000,1.9942,n/a,n/a,n/a,n/a,n/a
12:54:20.029,rd1,34,25000.0000,103.0000,0.4023,4096,66.9903,19.0146,27.9835,0.8131,132.1020,30.0763,4096,2.0000,75.0000,0.0000,0.0000,100.0000,16.0000,n/a,1.5000,2.0000,1.9967,n/a,n/a,n/a,n/a,n/a
12:54:21.050,rd1,35,25000.0000,135.0000,0.5273,4096,80.0000,14.7394,18.2808,0.5738,113.8730,26.9236,4096,2.0000,75.0000,0.0000,0.0000,100.0000,16.0000,n/a,1.5000,2.0000,1.9951,n/a,n/a,n/a,n/a,n/a
12:54:22.028,rd1,36,25000.0000,115.0000,0.4492,4096,73.0435,17.6052,22.9280,3.1823,113.9940,26.6363,4096,2.0000,75.0000,0.0000,0.0000,100.0000,16.0000,n/a,1.5000,2.0000,1.9968,n/a,n/a,n/a,n/a,n/a
12:54:23.029,rd1,37,25000.0000,154.0000,0.6016,4096,73.3766,12.9149,17.3599,0.6639,144.8510,26.1905,4096,2.0000,75.0000,0.0000,0.0000,100.0000,16.0000,n/a,1.5000,2.0000,1.9958,n/a,n/a,n/a,n/a,n/a
12:54:24.030,rd1,38,25000.0000,114.0000,0.4453,4096,71.0526,17.1150,23.7354,0.8648,158.0420,30.1522,4096,2.0000,75.0000,0.0000,0.0000,100.0000,16.0000,n/a,1.5000,2.0000,1.9997,n/a,n/a,n/a,n/a,n/a
12:54:25.056,rd1,39,25000.0000,108.0000,0.4219,4096,75.0000,18.7597,24.6503,1.0876,123.2130,28.2651,4096,2.0000,75.0000,0.0000,0.0000,100.0000,16.0000,n/a,1.5000,2.0000,1.9938,n/a,n/a,n/a,n/a,n/a
12:54:26.029,rd1,40,25000.0000,129.0000,0.5039,4096,80.6202,15.7032,19.3102,0.6982,123.7830,27.9406,4096,2.0000,75.0000,0.0000,0.0000,100.0000,16.0000,n/a,1.5000,2.0000,1.9973,n/a,n/a,n/a,n/a,n/a
12:54:27.042,rd1,41,25000.0000,114.0000,0.4453,4096,79.8246,17.6777,22.0054,0.5550,141.3370,30.6265,4096,2.0000,75.0000,0.0000,0.0000,100.0000,16.0000,n/a,1.5000,2.0000,2.0071,n/a,n/a,n/a,n/a,n/a
12:54:28.027,rd1,42,25000.0000,124.0000,0.4844,4096,72.5806,16.1084,21.8684,0.8613,115.3420,28.4989,4096,2.0000,75.0000,0.0000,0.0000,100.0000,16.0000,n/a,1.5000,2.0000,1.9857,n/a,n/a,n/a,n/a,n/a
12:54:29.028,rd1,43,25000.0000,119.0000,0.4648,4096,77.3109,16.5262,21.1816,0.6634,112.0490,28.7947,4096,2.0000,75.0000,0.0000,0.0000,100.0000,16.0000,n/a,1.5000,2.0000,1.9973,n/a,n/a,n/a,n/a,n/a
12:54:30.067,rd1,44,25000.0000,145.0000,0.5664,4096,73.1034,14.3073,19.3229,0.6753,139.1190,27.3941,4096,2.0000,75.0000,0.0000,0.0000,100.0000,16.0000,n/a,1.5000,2.0000,2.0792,n/a,n/a,n/a,n/a,n/a
12:54:31.027,rd1,45,25000.0000,131.0000,0.5117,4096,72.5191,14.0320,19.1674,0.4802,130.2490,26.0461,4096,2.0000,75.0000,0.0000,0.0000,100.0000,16.0000,n/a,1.5000,2.0000,1.9128,n/a,n/a,n/a,n/a,n/a
12:54:32.028,rd1,46,25000.0000,105.0000,0.4102,4096,73.3333,19.8663,26.8560,0.6446,157.4530,34.2534,4096,2.0000,75.0000,0.0000,0.0000,100.0000,16.0000,n/a,1.5000,2.0000,1.9977,n/a,n/a,n/a,n/a,n/a
12:54:33.028,rd1,47,25000.0000,116.0000,0.4531,4096,72.4138,16.6318,22.5119,1.1965,166.1950,32.5306,4096,2.0000,75.0000,0.0000,0.0000,100.0000,16.0000,n/a,1.5000,2.0000,1.9973,n/a,n/a,n/a,n/a,n/a
12:54:34.027,rd1,48,25000.0000,133.0000,0.5195,4096,75.9398,15.2818,19.9379,0.5863,96.8570,25.9746,4096,2.0000,75.0000,0.0000,0.0000,100.0000,16.0000,n/a,1.5000,2.0000,1.9983,n/a,n/a,n/a,n/a,n/a
12:54:35.028,rd1,49,25000.0000,136.0000,0.5313,4096,78.6765,14.9691,18.8723,0.5675,218.1260,32.7030,4096,2.0000,75.0000,0.0000,0.0000,100.0000,16.0000,n/a,1.5000,2.0000,1.9956,n/a,n/a,n/a,n/a,n/a
12:54:36.028,rd1,50,25000.0000,158.0000,0.6172,4096,74.0506,12.5628,16.7214,0.6955,141.0820,25.5113,4096,2.0000,75.0000,0.0000,0.0000,100.0000,16.0000,n/a,1.5000,2.0000,1.9972,n/a,n/a,n/a,n/a,n/a
12:54:37.027,rd1,51,25000.0000,167.0000,0.6523,4096,76.0479,11.7584,15.2597,0.6416,115.1600,24.2340,4096,2.0000,75.0000,0.0000,0.0000,100.0000,16.0000,n/a,1.5000,2.0000,1.9954,n/a,n/a,n/a,n/a,n/a
12:54:38.029,rd1,52,25000.0000,162.0000,0.6328,4096,75.9259,12.1410,15.8073,0.5779,118.0030,21.5788,4096,2.0000,75.0000,0.0000,0.0000,100.0000,16.0000,n/a,1.5000,2.0000,1.9969,n/a,n/a,n/a,n/a,n/a
12:54:39.051,rd1,53,25000.0000,161.0000,0.6289,4096,77.0186,12.9076,16.5569,0.6775,128.0670,26.7280,4096,2.0000,75.0000,0.0000,0.0000,100.0000,16.0000,n/a,1.5000,2.0000,1.9973,n/a,n/a,n/a,n/a,n/a
12:54:40.028,rd1,54,25000.0000,210.0000,0.8203,4096,70.0000,9.3871,13.1369,0.6375,180.5560,24.6154,4096,2.0000,75.0000,0.0000,0.0000,100.0000,16.0000,n/a,1.5000,2.0000,1.9940,n/a,n/a,n/a,n/a,n/a
12:54:41.030,rd1,55,25000.0000,158.0000,0.6172,4096,72.1519,12.6566,17.2612,0.7265,218.8150,30.6716,4096,2.0000,75.0000,0.0000,0.0000,100.0000,16.0000,n/a,1.5000,2.0000,1.9979,n/a,n/a,n/a,n/a,n/a
12:54:42.028,rd1,56,25000.0000,111.0000,0.4336,4096,69.3694,18.2457,25.9448,0.8093,119.4460,30.7445,4096,2.0000,75.0000,0.0000,0.0000,100.0000,16.0000,n/a,1.5000,2.0000,1.9971,n/a,n/a,n/a,n/a,n/a
12:54:43.027,rd1,57,25000.0000,125.0000,0.4883,4096,77.6000,15.7267,20.0864,0.6235,139.5840,30.0017,4096,2.0000,75.0000,0.0000,0.0000,100.0000,16.0000,n/a,1.5000,2.0000,1.9985,n/a,n/a,n/a,n/a,n/a
12:54:44.028,rd1,58,25000.0000,142.0000,0.5547,4096,79.5775,13.3810,16.6509,0.6397,109.7790,25.1289,4096,2.0000,75.0000,0.0000,0.0000,100.0000,16.0000,n/a,1.5000,2.0000,1.9961,n/a,n/a,n/a,n/a,n/a
12:54:45.027,rd1,59,25000.0000,157.0000,0.6133,4096,75.1592,13.2434,17.4137,0.6256,124.1750,25.1017,4096,2.0000,75.0000,0.0000,0.0000,100.0000,16.0000,n/a,1.5000,2.0000,1.9975,n/a,n/a,n/a,n/a,n/a
12:54:46.028,rd1,60,25000.0000,151.0000,0.5898,4096,76.8212,12.9815,16.4926,1.3447,174.6020,25.4639,4096,2.0000,75.0000,0.0000,0.0000,100.0000,16.0000,n/a,1.5000,2.0000,1.9974,n/a,n/a,n/a,n/a,n/a
12:54:49.041,rd2,1,50.0000,57.0000,0.2227,4096,75.4386,7.7625,10.0169,0.8381,72.3800,14.7248,4096,2.0000,75.0000,0.0000,0.0000,100.0000,16.0000,n/a,1.5000,2.0000,0.4425,12.2637,10.8159,1.4478,0.0000,0.0000
12:54:50.026,rd2,2,50.0000,55.0000,0.2148,4096,78.1818,5.8838,7.3715,0.5528,48.7710,10.7655,4096,2.0000,75.0000,0.0000,0.0000,100.0000,16.0000,n/a,1.5000,2.0000,0.3236,12.2637,10.8159,1.4478,0.0000,0.0000
12:54:51.025,rd2,3,50.0000,41.0000,0.1602,4096,75.6098,6.3619,8.1239,0.8994,33.0480,10.4358,4096,2.0000,75.0000,0.0000,0.0000,100.0000,16.0000,n/a,1.5000,2.0000,0.2608,12.2637,10.8159,1.4478,0.0000,0.0000
12:54:52.045,rd2,4,50.0000,58.0000,0.2266,4096,75.8621,3.8868,4.5585,1.7756,27.7470,6.3880,4096,2.0000,75.0000,0.0000,0.0000,100.0000,16.0000,n/a,1.5000,2.0000,0.2254,12.2637,10.8159,1.4478,0.0000,0.0000
12:54:53.025,rd2,5,50.0000,49.0000,0.1914,4096,73.4694,3.1110,3.9413,0.8117,23.1170,6.1608,4096,2.0000,75.0000,0.0000,0.0000,100.0000,16.0000,n/a,1.5000,2.0000,0.1524,12.2637,10.8159,1.4478,0.0000,0.0000
12:54:54.026,rd2,6,50.0000,57.0000,0.2227,4096,77.1930,7.6844,9.8023,0.5158,55.7270,13.2160,4096,2.0000,75.0000,0.0000,0.0000,100.0000,16.0000,n/a,1.5000,2.0000,0.4458,12.2637,10.8159,1.4478,0.0000,0.0000
12:54:55.025,rd2,7,50.0000,43.0000,0.1680,4096,79.0698,7.1590,8.9161,0.5213,56.5490,12.5027,4096,2.0000,75.0000,0.0000,0.0000,100.0000,16.0000,n/a,1.5000,2.0000,0.3000,12.2637,10.8159,1.4478,0.0000,0.0000
12:54:56.024,rd2,8,50.0000,54.0000,0.2109,4096,74.0741,2.1386,2.5597,0.9354,25.4030,4.6562,4096,2.0000,75.0000,0.0000,0.0000,100.0000,16.0000,n/a,1.5000,2.0000,0.1155,12.2637,10.8159,1.4478,0.0000,0.0000
12:54:57.028,rd2,9,50.0000,56.0000,0.2188,4096,75.0000,8.5685,11.0801,1.0334,64.6090,15.4348,4096,2.0000,75.0000,0.0000,0.0000,100.0000,16.0000,n/a,1.5000,2.0000,0.4798,12.2637,10.8159,1.4478,0.0000,0.0000
12:54:58.025,rd2,10,50.0000,55.0000,0.2148,4096,76.3636,8.0098,10.3311,0.5103,66.1100,14.4812,4096,2.0000,75.0000,0.0000,0.0000,100.0000,16.0000,n/a,1.5000,2.0000,0.4485,12.2637,10.8159,1.4478,0.0000,0.0000
12:54:59.024,rd2,11,50.0000,50.0000,0.1953,4096,76.0000,9.8499,12.7673,0.6114,69.5500,16.3744,4096,2.0000,75.0000,0.0000,0.0000,100.0000,16.0000,n/a,1.5000,2.0000,0.4859,12.2637,10.8159,1.4478,0.0000,0.0000
12:55:00.027,rd2,12,50.0000,50.0000,0.1953,4096,74.0000,6.1405,8.1093,0.5370,37.6050,9.2321,4096,2.0000,75.0000,0.0000,0.0000,100.0000,16.0000,n/a,1.5000,2.0000,0.3057,12.2637,10.8159,1.4478,0.0000,0.0000
12:55:01.047,rd2,13,50.0000,49.0000,0.1914,4096,81.6327,10.4549,12.6576,0.6653,68.7170,18.5103,4096,2.0000,75.0000,0.0000,0.0000,100.0000,16.0000,n/a,1.5000,2.0000,0.5123,12.2637,10.8159,1.4478,0.0000,0.0000
12:55:02.025,rd2,14,50.0000,46.0000,0.1797,4096,69.5652,5.5489,7.7558,0.5048,35.3440,8.6825,4096,2.0000,75.0000,0.0000,0.0000,100.0000,16.0000,n/a,1.5000,2.0000,0.2568,12.2637,10.8159,1.4478,0.0000,0.0000
12:55:03.025,rd2,15,50.0000,58.0000,0.2266,4096,75.8621,6.4642,8.3356,0.5826,66.6870,14.3917,4096,2.0000,75.0000,0.0000,0.0000,100.0000,16.0000,n/a,1.5000,2.0000,0.3734,12.2637,10.8159,1.4478,0.0000,0.0000
12:55:04.024,rd2,16,50.0000,56.0000,0.2188,4096,83.9286,4.3536,5.0741,0.5908,34.0930,9.0291,4096,2.0000,75.0000,0.0000,0.0000,100.0000,16.0000,n/a,1.5000,2.0000,0.2438,12.2637,10.8159,1.4478,0.0000,0.0000
12:55:05.025,rd2,17,50.0000,39.0000,0.1523,4096,74.3590,6.8476,9.0316,0.5140,53.2420,11.4404,4096,2.0000,75.0000,0.0000,0.0000,100.0000,16.0000,n/a,1.5000,2.0000,0.2671,12.2637,10.8159,1.4478,0.0000,0.0000
12:55:06.025,rd2,18,50.0000,48.0000,0.1875,4096,77.0833,3.0915,3.6940,1.0646,30.6800,6.6085,4096,2.0000,75.0000,0.0000,0.0000,100.0000,16.0000,n/a,1.5000,2.0000,0.1484,12.2637,10.8159,1.4478,0.0000,0.0000
12:55:07.024,rd2,19,50.0000,49.0000,0.1914,4096,67.3469,6.9219,9.9352,0.7069,106.4150,17.2900,4096,2.0000,75.0000,0.0000,0.0000,100.0000,16.0000,n/a,1.5000,2.0000,0.3693,12.2637,10.8159,1.4478,0.0000,0.0000
12:55:08.026,rd2,20,50.0000,61.0000,0.2383,4096,65.5738,6.5139,9.6362,0.5665,60.5790,13.1775,4096,2.0000,75.0000,0.0000,0.0000,100.0000,16.0000,n/a,1.5000,2.0000,0.3672,12.2637,10.8159,1.4478,0.0000,0.0000
12:55:09.025,rd2,21,50.0000,50.0000,0.1953,4096,72.0000,6.3259,8.5754,0.5414,60.9160,13.5154,4096,2.0000,75.0000,0.0000,0.0000,100.0000,16.0000,n/a,1.5000,2.0000,0.3163,12.2637,10.8159,1.4478,0.0000,0.0000
12:55:10.047,rd2,22,50.0000,47.0000,0.1836,4096,70.2128,5.2099,7.1453,0.6477,56.6880,11.3757,4096,2.0000,75.0000,0.0000,0.0000,100.0000,16.0000,n/a,1.5000,2.0000,0.2449,12.2637,10.8159,1.4478,0.0000,0.0000
12:55:11.025,rd2,23,50.0000,54.0000,0.2109,4096,81.4815,8.4417,10.0798,1.2343,59.9830,15.4832,4096,2.0000,75.0000,0.0000,0.0000,100.0000,16.0000,n/a,1.5000,2.0000,0.4782,12.2637,10.8159,1.4478,0.0000,0.0000
12:55:12.048,rd2,24,50.0000,46.0000,0.1797,4096,78.2609,6.6191,8.3073,0.5417,47.9150,11.0539,4096,2.0000,75.0000,0.0000,0.0000,100.0000,16.0000,n/a,1.5000,2.0000,0.3008,12.2637,10.8159,1.4478,0.0000,0.0000
12:55:13.025,rd2,25,50.0000,51.0000,0.1992,4096,72.5490,3.7521,4.9631,0.5519,23.5450,6.6559,4096,2.0000,75.0000,0.0000,0.0000,100.0000,16.0000,n/a,1.5000,2.0000,0.1726,12.2637,10.8159,1.4478,0.0000,0.0000
12:55:14.025,rd2,26,50.0000,50.0000,0.1953,4096,80.0000,6.6103,8.1130,0.5996,46.1130,11.9794,4096,2.0000,75.0000,0.0000,0.0000,100.0000,16.0000,n/a,1.5000,2.0000,0.3305,12.2637,10.8159,1.4478,0.0000,0.0000
12:55:15.064,rd2,27,50.0000,51.0000,0.1992,4096,70.5882,4.9639,6.7795,0.6063,58.9750,11.7204,4096,2.0000,75.0000,0.0000,0.0000,100.0000,16.0000,n/a,1.5000,2.0000,0.2532,12.2637,10.8159,1.4478,0.0000,0.0000
12:55:16.025,rd2,28,50.0000,60.0000,0.2344,4096,90.0000,8.5412,9.4344,0.5018,77.4020,14.6610,4096,2.0000,75.0000,0.0000,0.0000,100.0000,16.0000,n/a,1.5000,2.0000,0.5125,12.2637,10.8159,1.4478,0.0000,0.0000
12:55:17.026,rd2,29,50.0000,44.0000,0.1719,4096,68.1818,3.8966,5.4402,0.5890,24.5190,7.1528,4096,2.0000,75.0000,0.0000,0.0000,100.0000,16.0000,n/a,1.5000,2.0000,0.1715,12.2637,10.8159,1.4478,0.0000,0.0000
12:55:18.024,rd2,30,50.0000,61.0000,0.2383,4096,75.4098,4.5400,5.8561,0.5041,38.3230,8.8973,4096,2.0000,75.0000,0.0000,0.0000,100.0000,16.0000,n/a,1.5000,2.0000,0.2769,12.2637,10.8159,1.4478,0.0000,0.0000
12:55:21.035,rd3,1,500.0000,165.0000,0.6445,4096,77.5758,10.9514,13.9139,0.7024,104.1680,23.8607,4096,2.0000,75.0000,0.0000,0.0000,100.0000,16.0000,n/a,1.5000,2.0000,1.8189,10.6957,9.4323,1.2634,0.0000,0.0000
12:55:22.026,rd3,2,500.0000,155.0000,0.6055,4096,70.9677,12.0747,16.7839,0.5632,100.7690,23.5472,4096,2.0000,75.0000,0.0000,0.0000,100.0000,16.0000,n/a,1.5000,2.0000,1.9987,10.6957,9.4323,1.2634,0.0000,0.0000
12:55:23.024,rd3,3,500.0000,165.0000,0.6445,4096,73.3333,12.7965,17.2465,0.5593,155.2530,28.1377,4096,2.0000,75.0000,0.0000,0.0000,100.0000,16.0000,n/a,1.5000,2.0000,1.9954,10.6957,9.4323,1.2634,0.0000,0.0000
12:55:24.025,rd3,4,500.0000,146.0000,0.5703,4096,77.3973,13.4007,17.0659,0.8501,199.7740,28.4016,4096,2.0000,75.0000,0.0000,0.0000,100.0000,16.0000,n/a,1.5000,2.0000,1.9959,10.6957,9.4323,1.2634,0.0000,0.0000
12:55:25.025,rd3,5,500.0000,157.0000,0.6133,4096,76.4331,12.9291,16.6728,0.7873,138.3030,25.6320,4096,2.0000,75.0000,0.0000,0.0000,100.0000,16.0000,n/a,1.5000,2.0000,1.9979,10.6957,9.4323,1.2634,0.0000,0.0000
12:55:26.027,rd3,6,500.0000,156.0000,0.6094,4096,73.0769,12.7939,17.3015,0.5589,175.1810,28.1917,4096,2.0000,75.0000,0.0000,0.0000,100.0000,16.0000,n/a,1.5000,2.0000,1.9968,10.6957,9.4323,1.2634,0.0000,0.0000
12:55:27.024,rd3,7,500.0000,163.0000,0.6367,4096,77.9141,12.2437,15.5389,0.6189,97.3370,22.7885,4096,2.0000,75.0000,0.0000,0.0000,100.0000,16.0000,n/a,1.5000,2.0000,1.9948,10.6957,9.4323,1.2634,0.0000,0.0000
12:55:28.025,rd3,8,500.0000,164.0000,0.6406,4096,78.0488,12.2291,15.5152,0.5449,162.9490,26.1824,4096,2.0000,75.0000,0.0000,0.0000,100.0000,16.0000,n/a,1.5000,2.0000,1.9981,10.6957,9.4323,1.2634,0.0000,0.0000
12:55:29.026,rd3,9,500.0000,193.0000,0.7539,4096,75.1295,10.2175,13.4352,0.4973,133.4530,24.0776,4096,2.0000,75.0000,0.0000,0.0000,100.0000,16.0000,n/a,1.5000,2.0000,1.9970,10.6957,9.4323,1.2634,0.0000,0.0000
12:55:30.024,rd3,10,500.0000,166.0000,0.6484,4096,75.3012,11.9182,15.5298,0.9072,178.4070,26.1206,4096,2.0000,75.0000,0.0000,0.0000,100.0000,16.0000,n/a,1.5000,2.0000,1.9955,10.6957,9.4323,1.2634,0.0000,0.0000
12:55:31.024,rd3,11,500.0000,219.0000,0.8555,4096,73.0594,9.1986,12.3951,0.5302,183.6030,23.0116,4096,2.0000,75.0000,0.0000,0.0000,100.0000,16.0000,n/a,1.5000,2.0000,1.9971,10.6957,9.4323,1.2634,0.0000,0.0000
12:55:32.024,rd3,12,500.0000,170.0000,0.6641,4096,76.4706,11.9385,15.4452,0.5415,138.9720,23.7364,4096,2.0000,75.0000,0.0000,0.0000,100.0000,16.0000,n/a,1.5000,2.0000,1.9970,10.6957,9.4323,1.2634,0.0000,0.0000
12:55:33.024,rd3,13,500.0000,204.0000,0.7969,4096,71.0784,9.7543,13.4879,0.5783,122.1270,21.7457,4096,2.0000,75.0000,0.0000,0.0000,100.0000,16.0000,n/a,1.5000,2.0000,1.9949,10.6957,9.4323,1.2634,0.0000,0.0000
12:55:34.024,rd3,14,500.0000,199.0000,0.7773,4096,78.3920,9.9161,12.5072,0.5160,109.6530,22.7776,4096,2.0000,75.0000,0.0000,0.0000,100.0000,16.0000,n/a,1.5000,2.0000,1.9976,10.6957,9.4323,1.2634,0.0000,0.0000
12:55:35.048,rd3,15,500.0000,184.0000,0.7188,4096,76.0870,10.8504,14.0914,0.5381,168.6310,24.9009,4096,2.0000,75.0000,0.0000,0.0000,100.0000,16.0000,n/a,1.5000,2.0000,1.9975,10.6957,9.4323,1.2634,0.0000,0.0000
12:55:36.025,rd3,16,500.0000,194.0000,0.7578,4096,70.1031,9.7319,13.6116,0.6347,116.0490,22.1743,4096,2.0000,75.0000,0.0000,0.0000,100.0000,16.0000,n/a,1.5000,2.0000,1.9974,10.6957,9.4323,1.2634,0.0000,0.0000
12:55:37.024,rd3,17,500.0000,159.0000,0.6211,4096,72.9560,12.8232,17.3489,0.6144,141.1770,25.9145,4096,2.0000,75.0000,0.0000,0.0000,100.0000,16.0000,n/a,1.5000,2.0000,1.9955,10.6957,9.4323,1.2634,0.0000,0.0000
12:55:38.025,rd3,18,500.0000,191.0000,0.7461,4096,73.8220,10.7236,14.2992,0.6404,118.6430,23.2642,4096,2.0000,75.0000,0.0000,0.0000,100.0000,16.0000,n/a,1.5000,2.0000,1.9973,10.6957,9.4323,1.2634,0.0000,0.0000
12:55:39.025,rd3,19,500.0000,170.0000,0.6641,4096,69.4118,11.8092,16.7706,0.5506,134.4550,24.9028,4096,2.0000,75.0000,0.0000,0.0000,100.0000,16.0000,n/a,1.5000,2.0000,1.9976,10.6957,9.4323,1.2634,0.0000,0.0000
12:55:40.027,rd3,20,500.0000,199.0000,0.7773,4096,77.8894,10.0824,12.7508,0.6825,117.1800,22.3318,4096,2.0000,75.0000,0.0000,0.0000,100.0000,16.0000,n/a,1.5000,2.0000,1.9950,10.6957,9.4323,1.2634,0.0000,0.0000
12:55:41.025,rd3,21,500.0000,247.0000,0.9648,4096,80.5668,8.1226,9.9376,0.5979,104.4880,19.8481,4096,2.0000,75.0000,0.0000,0.0000,100.0000,16.0000,n/a,1.5000,2.0000,1.9968,10.6957,9.4323,1.2634,0.0000,0.0000
12:55:42.047,rd3,22,500.0000,215.0000,0.8398,4096,75.8140,9.3490,12.1549,0.5536,128.9940,21.9491,4096,2.0000,75.0000,0.0000,0.0000,100.0000,16.0000,n/a,1.5000,2.0000,1.9971,10.6957,9.4323,1.2634,0.0000,0.0000
12:55:43.023,rd3,23,500.0000,190.0000,0.7422,4096,80.0000,10.4725,12.9222,0.6738,141.0440,24.0209,4096,2.0000,75.0000,0.0000,0.0000,100.0000,16.0000,n/a,1.5000,2.0000,1.9959,10.6957,9.4323,1.2634,0.0000,0.0000
12:55:44.024,rd3,24,500.0000,201.0000,0.7852,4096,76.6169,9.8033,12.6232,0.5635,108.3340,22.3031,4096,2.0000,75.0000,0.0000,0.0000,100.0000,16.0000,n/a,1.5000,2.0000,1.9973,10.6957,9.4323,1.2634,0.0000,0.0000
12:55:45.048,rd3,25,500.0000,238.0000,0.9297,4096,72.6891,8.4685,11.4413,0.5563,130.4650,21.8801,4096,2.0000,75.0000,0.0000,0.0000,100.0000,16.0000,n/a,1.5000,2.0000,1.9968,10.6957,9.4323,1.2634,0.0000,0.0000
12:55:46.025,rd3,26,500.0000,208.0000,0.8125,4096,75.4808,9.2404,12.0583,0.5657,114.4280,20.3969,4096,2.0000,75.0000,0.0000,0.0000,100.0000,16.0000,n/a,1.5000,2.0000,1.9969,10.6957,9.4323,1.2634,0.0000,0.0000
12:55:47.023,rd3,27,500.0000,213.0000,0.8320,4096,74.1784,9.6468,12.7972,0.5963,159.8260,24.9224,4096,2.0000,75.0000,0.0000,0.0000,100.0000,16.0000,n/a,1.5000,2.0000,1.9953,10.6957,9.4323,1.2634,0.0000,0.0000
12:55:48.047,rd3,28,500.0000,162.0000,0.6328,4096,75.9259,12.2135,15.8327,0.7993,131.8240,26.1578,4096,2.0000,75.0000,0.0000,0.0000,100.0000,16.0000,n/a,1.5000,2.0000,1.9977,10.6957,9.4323,1.2634,0.0000,0.0000
12:55:49.024,rd3,29,500.0000,162.0000,0.6328,4096,74.6914,12.5523,16.6154,0.5611,103.5540,24.6817,4096,2.0000,75.0000,0.0000,0.0000,100.0000,16.0000,n/a,1.5000,2.0000,1.9978,10.6957,9.4323,1.2634,0.0000,0.0000
12:55:50.046,rd3,30,500.0000,191.0000,0.7461,4096,81.1518,10.4418,12.7140,0.6587,116.3370,22.2336,4096,2.0000,75.0000,0.0000,0.0000,100.0000,16.0000,n/a,1.5000,2.0000,1.9961,10.6957,9.4323,1.2634,0.0000,0.0000

--- Averages ---
12:54:46.183,rd1,avg_2-60,25000.0000,117.7458,0.4599,4096,74.9388,16.9653,22.3532,0.8543,253.5310,30.0552,4096,2.0000,75.0000,0.0000,0.0000,100.0000,16.0000,n/a,1.5000,2.0000,1.9960,12.2637,10.8159,1.4478,0.0000,0.0000
12:55:18.130,rd2,avg_2-30,50.0000,51.3103,0.2004,4096,75.6048,6.1419,7.8983,0.6986,106.4150,12.0756,4096,2.0000,75.0000,0.0000,0.0000,100.0000,16.0000,n/a,1.5000,2.0000,0.3151,10.6957,9.4323,1.2634,0.0000,0.0000
12:55:50.107,rd3,avg_2-30,500.0000,185.5517,0.7248,4096,75.3577,10.7573,14.0763,0.6076,199.7740,23.8555,4096,2.0000,75.0000,0.0000,0.0000,100.0000,16.0000,n/a,1.5000,2.0000,1.9967,11.3999,9.9272,1.4726,0.0000,0.0000
